"date","code","name","sector","change_percent","total_score","liquidity","volatility","momentum","warnings"
"2025-08-13","2317","2317","unknown","0","50","50","0","0",""
"2025-08-13","2330","2330","unknown","0","50","50","0","0",""
"2025-08-13","2454","2454","unknown","0","50","50","0","0",""
"2025-08-13","2603","2603","unknown","0","50","50","0","0",""
"2025-08-13","2609","2609","unknown","0","50","50","0","0",""
"2025-08-13","2615","2615","unknown","0","50","50","0","0",""
"2025-08-14","2317","2317","unknown","0.5038","50","50","0.5","0.2519",""
"2025-08-14","2330","2330","unknown","-2.0833","48.33","50","2.08","-1.0417",""
"2025-08-14","2454","2454","unknown","1.4599","50","50","1.46","0.7299",""
"2025-08-14","2603","2603","unknown","1.0152","50","50","1.02","0.5076",""
"2025-08-14","2609","2609","unknown","0","50","50","0","0",""
"2025-08-14","2615","2615","unknown","-0.5549","49.56","50","0.55","-0.2775",""
"2025-08-15","2317","2317","unknown","3.7594","49.63","50","3.76","1.4211",""
"2025-08-15","2330","2330","unknown","0.4255","49.39","50","0.43","-0.5526",""
"2025-08-15","2454","2454","unknown","-1.4388","49.43","50","1.44","0.007",""
"2025-08-15","2603","2603","unknown","-0.5025","49.94","50","0.5","0.1709",""
"2025-08-15","2609","2609","unknown","-0.6493","49.57","50","0.65","-0.2164",""
"2025-08-15","2615","2615","unknown","-1.2277","49.03","50","1.23","-0.5942",""
"2025-08-18","2317","2317","unknown","1.4493","50.56","50","1.45","1.4281",""
"2025-08-18","2330","2330","unknown","0","49.67","50","0","-0.4145",""
"2025-08-18","2454","2454","unknown","2.9197","49.42","50","2.92","0.7352",""
"2025-08-18","2603","2603","unknown","-0.2525","49.95","50","0.25","0.065",""
"2025-08-18","2609","2609","unknown","-0.3268","49.67","50","0.33","-0.244",""
"2025-08-18","2615","2615","unknown","-0.113","49.58","50","0.11","-0.4739",""
"2025-08-19","2317","2317","unknown","-0.9524","50.38","50","0.95","0.952",""
"2025-08-19","2330","2330","unknown","0.4237","49.63","50","0.42","-0.2468",""
"2025-08-19","2454","2454","unknown","-1.4184","49.68","50","1.42","0.3045",""
"2025-08-19","2603","2603","unknown","-1.519","49.19","50","1.52","-0.2518",""
"2025-08-19","2609","2609","unknown","-1.1475","49.2","50","1.15","-0.4247",""
"2025-08-19","2615","2615","unknown","-3.2805","47.86","50","3.28","-1.0352",""
"2025-08-20","2317","2317","unknown","-3.6058","48.74","50","3.61","0.2309",""
"2025-08-20","2330","2330","unknown","-4.2194","47.44","50","4.22","-1.0907",""
"2025-08-20","2454","2454","unknown","-2.518","48.83","50","2.52","-0.1991",""
"2025-08-20","2603","2603","unknown","-1.0283","49.22","50","1.03","-0.4574",""
"2025-08-20","2609","2609","unknown","0.1658","49.62","50","0.17","-0.3916",""
"2025-08-20","2615","2615","unknown","1.1696","48.89","50","1.17","-0.8013",""
"2025-08-21","2317","2317","unknown","2.7431","49.45","50","2.74","0.6787",""
"2025-08-21","2330","2330","unknown","1.3216","49.14","50","1.32","-0.4097",""
"2025-08-21","2454","2454","unknown","0.738","49.43","50","0.74","-0.3435",""
"2025-08-21","2603","2603","unknown","0.7792","49.28","50","0.78","-0.5046",""
"2025-08-21","2609","2609","unknown","0.3311","49.61","50","0.33","-0.3253",""
"2025-08-21","2615","2615","unknown","-0.9249","48.93","50","0.92","-0.8753",""
"2025-08-22","2317","2317","unknown","-1.699","48.99","50","1.7","-0.413",""
"2025-08-22","2330","2330","unknown","-1.3043","48.87","50","1.3","-0.7557",""
"2025-08-22","2454","2454","unknown","0","49.96","50","0","-0.0557",""
"2025-08-22","2603","2603","unknown","-1.8041","48.67","50","1.8","-0.7649",""
"2025-08-22","2609","2609","unknown","-1.6502","48.92","50","1.65","-0.5255",""
"2025-08-22","2615","2615","unknown","-1.867","48.45","50","1.87","-1.0032",""
"2025-08-25","2317","2317","unknown","2.4691","48.85","50","2.47","-0.209",""
"2025-08-25","2330","2330","unknown","3.0837","48.66","50","3.08","-0.1389",""
"2025-08-25","2454","2454","unknown","3.2967","48.7","50","3.3","0.0197",""
"2025-08-25","2603","2603","unknown","-0.7874","48.99","50","0.79","-0.8719",""
"2025-08-25","2609","2609","unknown","-0.6711","49.26","50","0.67","-0.5944",""
"2025-08-25","2615","2615","unknown","-0.3567","49.02","50","0.36","-1.0519",""
"2025-08-26","2317","2317","unknown","0.7229","49.81","50","0.72","0.1261",""
"2025-08-26","2330","2330","unknown","0.4274","49.72","50","0.43","-0.1382",""
"2025-08-26","2454","2454","unknown","-0.7092","49.85","50","0.71","0.1615",""
"2025-08-26","2603","2603","unknown","-0.2646","49.4","50","0.26","-0.621",""
"2025-08-26","2609","2609","unknown","-0.3378","49.52","50","0.34","-0.4324",""
"2025-08-26","2615","2615","unknown","-0.2387","49.55","50","0.24","-0.4435",""
"2025-08-27","2317","2317","unknown","-0.4785","50.41","50","0.48","0.7515",""
"2025-08-27","2330","2330","unknown","1.2766","50.26","50","1.28","0.961",""
"2025-08-27","2454","2454","unknown","0","50.53","50","0","0.6651",""
"2025-08-27","2603","2603","unknown","-0.2653","49.52","50","0.27","-0.4684",""
"2025-08-27","2609","2609","unknown","-0.678","49.25","50","0.68","-0.6012",""
"2025-08-27","2615","2615","unknown","-0.2392","49.32","50","0.24","-0.7253",""
"2025-08-28","2317","2317","unknown","-0.9615","49.62","50","0.96","0.0106",""
"2025-08-28","2330","2330","unknown","-2.521","49.15","50","2.52","0.1925",""
"2025-08-28","2454","2454","unknown","-1.0714","49.81","50","1.07","0.3032",""
"2025-08-28","2603","2603","unknown","0","49.5","50","0","-0.6243",""
"2025-08-28","2609","2609","unknown","0.3413","49.38","50","0.34","-0.5992",""
"2025-08-28","2615","2615","unknown","0.8393","49.37","50","0.84","-0.3725",""
"2025-08-29","2317","2317","unknown","-1.2136","49.6","50","1.21","0.1077",""
"2025-08-29","2330","2330","unknown","0","50.36","50","0","0.4533",""
"2025-08-29","2454","2454","unknown","-1.083","49.64","50","1.08","0.0866",""
"2025-08-29","2603","2603","unknown","-1.3298","49.04","50","1.33","-0.5294",""
"2025-08-29","2609","2609","unknown","-1.8707","48.74","50","1.87","-0.6433",""
"2025-08-29","2615","2615","unknown","-1.5458","49.14","50","1.55","-0.3082",""
"2025-09-01","2317","2317","unknown","-2.457","48.32","50","2.46","-0.8775",""
"2025-09-01","2330","2330","unknown","0.431","49.77","50","0.43","-0.0772",""
"2025-09-01","2454","2454","unknown","-0.7299","49.13","50","0.73","-0.7187",""
"2025-09-01","2603","2603","unknown","-0.8086","49.25","50","0.81","-0.5336",""
"2025-09-01","2609","2609","unknown","-0.8666","49.11","50","0.87","-0.6824",""
"2025-09-01","2615","2615","unknown","-1.6908","48.86","50","1.69","-0.575",""
"2025-09-02","2317","2317","unknown","0","49.18","50","0","-1.0221",""
"2025-09-02","2330","2330","unknown","-0.4292","49.63","50","0.43","-0.2485",""
"2025-09-02","2454","2454","unknown","0","49.54","50","0","-0.5769",""
"2025-09-02","2603","2603","unknown","-0.5435","49.31","50","0.54","-0.5894",""
"2025-09-02","2609","2609","unknown","-0.5245","49.21","50","0.52","-0.7197",""
"2025-09-02","2615","2615","unknown","-0.9828","49.03","50","0.98","-0.7239",""
"2025-09-03","2317","2317","unknown","1.0076","49.02","50","1.01","-0.7249",""
"2025-09-03","2330","2330","unknown","0","49.6","50","0","-0.5038",""
"2025-09-03","2454","2454","unknown","2.5735","48.92","50","2.57","-0.0622",""
"2025-09-03","2603","2603","unknown","0","49.57","50","0","-0.5364",""
"2025-09-03","2609","2609","unknown","0.8787","49.32","50","0.88","-0.4083",""
"2025-09-03","2615","2615","unknown","0.1241","49.43","50","0.12","-0.6512",""
"2025-09-04","2317","2317","unknown","1.2469","49.27","50","1.25","-0.2832",""
"2025-09-04","2330","2330","unknown","0","50","50","0","0.0004",""
"2025-09-04","2454","2454","unknown","-0.7168","49.72","50","0.72","0.0087",""
"2025-09-04","2603","2603","unknown","1.0929","49.31","50","1.09","-0.3178",""
"2025-09-04","2609","2609","unknown","1.0453","49.37","50","1.05","-0.2675",""
"2025-09-04","2615","2615","unknown","2.1066","48.84","50","2.11","-0.3978",""
"2025-09-05","2317","2317","unknown","0.9852","49.73","50","0.99","0.1565",""
"2025-09-05","2330","2330","unknown","1.7241","49.59","50","1.72","0.3452",""
"2025-09-05","2454","2454","unknown","3.6101","49.31","50","3.61","0.9474",""
"2025-09-05","2603","2603","unknown","0.8108","49.76","50","0.81","0.1103",""
"2025-09-05","2609","2609","unknown","-0.1724","49.99","50","0.17","0.0721",""
"2025-09-05","2615","2615","unknown","-0.2427","49.79","50","0.24","-0.1371",""
"2025-09-08","2317","2317","unknown","-0.7317","50.11","50","0.73","0.5016",""
"2025-09-08","2330","2330","unknown","0","50.21","50","0","0.259",""
"2025-09-08","2454","2454","unknown","-0.3484","50.68","50","0.35","1.0237",""
"2025-09-08","2603","2603","unknown","0","50.22","50","0","0.272",""
"2025-09-08","2609","2609","unknown","-0.3454","50","50","0.35","0.1763",""
"2025-09-08","2615","2615","unknown","0","50.16","50","0","0.201",""
"2025-09-09","2317","2317","unknown","1.9656","49.93","50","1.97","0.8947",""
"2025-09-09","2330","2330","unknown","1.6949","49.87","50","1.69","0.6838",""
"2025-09-09","2454","2454","unknown","5.5944","49.48","50","5.59","2.1426",""
"2025-09-09","2603","2603","unknown","-1.0724","49.7","50","1.07","0.1663",""
"2025-09-09","2609","2609","unknown","-1.0399","49.64","50","1.04","0.0733",""
"2025-09-09","2615","2615","unknown","-1.2165","49.64","50","1.22","0.1543",""
"2025-09-10","2317","2317","unknown","1.2048","50.27","50","1.2","0.9342",""
"2025-09-10","2330","2330","unknown","2.0833","50.05","50","2.08","1.1005",""
"2025-09-10","2454","2454","unknown","-1.3245","50.56","50","1.32","1.3629",""
"2025-09-10","2603","2603","unknown","0.542","50","50","0.54","0.2747",""
"2025-09-10","2609","2609","unknown","-0.5254","49.62","50","0.53","-0.2076",""
"2025-09-10","2615","2615","unknown","-0.3695","49.9","50","0.37","0.0556",""
"2025-09-11","2317","2317","unknown","2.1429","50.03","50","2.14","1.1134",""
"2025-09-11","2330","2330","unknown","1.2245","50.59","50","1.22","1.3454",""
"2025-09-11","2454","2454","unknown","-0.6711","50.83","50","0.67","1.3721",""
"2025-09-11","2603","2603","unknown","-1.3477","49.29","50","1.35","-0.2135",""
"2025-09-11","2609","2609","unknown","-2.2887","48.39","50","2.29","-0.8744",""
"2025-09-11","2615","2615","unknown","-2.3486","48.39","50","2.35","-0.8355",""
"2025-09-12","2317","2317","unknown","1.3986","50.4","50","1.4","1.196",""
"2025-09-12","2330","2330","unknown","1.6129","50.41","50","1.61","1.3231",""
"2025-09-12","2454","2454","unknown","0.3378","50.44","50","0.34","0.7176",""
"2025-09-12","2603","2603","unknown","1.3661","49.37","50","1.37","-0.1024",""
"2025-09-12","2609","2609","unknown","1.8018","48.9","50","1.8","-0.4795",""
"2025-09-12","2615","2615","unknown","1.2658","49.07","50","1.27","-0.5338",""
"2025-09-15","2317","2317","unknown","-0.6897","50.69","50","0.69","1.2044",""
"2025-09-15","2330","2330","unknown","-0.3968","50.84","50","0.4","1.2438",""
"2025-09-15","2454","2454","unknown","0","50.63","50","0","0.7873",""
"2025-09-15","2603","2603","unknown","-1.0782","49.31","50","1.08","-0.318",""
"2025-09-15","2609","2609","unknown","-0.885","49.18","50","0.88","-0.5874",""
"2025-09-15","2615","2615","unknown","-0.5","49.29","50","0.5","-0.6338",""
"2025-09-16","2317","2317","unknown","-0.2315","50.52","50","0.23","0.765",""
"2025-09-16","2330","2330","unknown","1.992","50.25","50","1.99","1.3032",""
"2025-09-16","2454","2454","unknown","3.367","48.93","50","3.37","0.3418",""
"2025-09-16","2603","2603","unknown","0","49.92","50","0","-0.1036",""
"2025-09-16","2609","2609","unknown","0","49.7","50","0","-0.3795",""
"2025-09-16","2615","2615","unknown","1.005","49.45","50","1.01","-0.1894",""
"2025-09-17","2317","2317","unknown","-1.6241","49.51","50","1.62","0.1992",""
"2025-09-17","2330","2330","unknown","-1.1719","50.05","50","1.17","0.6521",""
"2025-09-17","2454","2454","unknown","-1.6287","49.57","50","1.63","0.281",""
"2025-09-17","2603","2603","unknown","0","49.83","50","0","-0.212",""
"2025-09-17","2609","2609","unknown","0.1786","49.74","50","0.18","-0.2387",""
"2025-09-17","2615","2615","unknown","-0.2488","49.77","50","0.25","-0.1653",""
"2025-09-18","2317","2317","unknown","1.4151","49.48","50","1.42","0.0537",""
"2025-09-18","2330","2330","unknown","1.581","49.95","50","1.58","0.7235",""
"2025-09-18","2454","2454","unknown","0","50.33","50","0","0.4152",""
"2025-09-18","2603","2603","unknown","0.545","49.92","50","0.54","0.1666",""
"2025-09-18","2609","2609","unknown","0","50.18","50","0","0.2191",""
"2025-09-18","2615","2615","unknown","0.8728","50.03","50","0.87","0.479",""
"2025-09-19","2317","2317","unknown","-0.4651","49.56","50","0.47","-0.3191",""
"2025-09-19","2330","2330","unknown","-1.5564","49.45","50","1.56","0.0896",""
"2025-09-19","2454","2454","unknown","-4.6358","47.68","50","4.64","-0.5795",""
"2025-09-19","2603","2603","unknown","2.168","49.39","50","2.17","0.327",""
"2025-09-19","2609","2609","unknown","1.7825","49.46","50","1.78","0.2152",""
"2025-09-19","2615","2615","unknown","0.7417","50","50","0.74","0.3741",""
"2025-09-22","2317","2317","unknown","0.9346","49.63","50","0.93","0.0058",""
"2025-09-22","2330","2330","unknown","2.3715","49.57","50","2.37","0.6433",""
"2025-09-22","2454","2454","unknown","-2.4306","48.18","50","2.43","-1.0656",""
"2025-09-22","2603","2603","unknown","-2.6525","48.95","50","2.65","0.0121",""
"2025-09-22","2609","2609","unknown","-2.1016","49.14","50","2.1","-0.0281",""
"2025-09-22","2615","2615","unknown","-2.6994","48.87","50","2.7","-0.0657",""
"2025-09-23","2317","2317","unknown","2.3148","49.49","50","2.31","0.515",""
"2025-09-23","2330","2330","unknown","3.4749","49.36","50","3.47","0.9398",""
"2025-09-23","2454","2454","unknown","-2.1352","47.41","50","2.14","-2.166",""
"2025-09-23","2603","2603","unknown","-0.8174","49.55","50","0.82","-0.1514",""
"2025-09-23","2609","2609","unknown","-1.2522","49.28","50","1.25","-0.2785",""
"2025-09-23","2615","2615","unknown","-1.7654","48.8","50","1.77","-0.6198",""
"2025-09-24","2317","2317","unknown","0.905","50.45","50","0.9","1.0209",""
"2025-09-24","2330","2330","unknown","0","50.94","50","0","1.1742",""
"2025-09-24","2454","2454","unknown","-3.2727","46.7","50","3.27","-2.4949",""
"2025-09-24","2603","2603","unknown","-0.8242","49.42","50","0.82","-0.3162",""
"2025-09-24","2609","2609","unknown","-0.3623","49.55","50","0.36","-0.3867",""
"2025-09-24","2615","2615","unknown","-1.4121","48.75","50","1.41","-0.8525",""
"2025-09-25","2317","2317","unknown","3.139","49.84","50","3.14","1.3657",""
"2025-09-25","2330","2330","unknown","-1.4925","49.85","50","1.49","0.5595",""
"2025-09-25","2454","2454","unknown","1.1278","47.73","50","1.13","-2.2693",""
"2025-09-25","2603","2603","unknown","-0.277","49.5","50","0.28","-0.4806",""
"2025-09-25","2609","2609","unknown","0","49.69","50","0","-0.3867",""
"2025-09-25","2615","2615","unknown","-0.7813","48.74","50","0.78","-1.1833",""
"2025-09-26","2317","2317","unknown","-4.5652","48.61","50","4.57","0.5456",""
"2025-09-26","2330","2330","unknown","-1.5152","49.85","50","1.52","0.5678",""
"2025-09-26","2454","2454","unknown","-2.6022","47.47","50","2.6","-1.8626",""
"2025-09-26","2603","2603","unknown","-1.1111","48.65","50","1.11","-1.1365",""
"2025-09-26","2609","2609","unknown","-3.0909","47.67","50","3.09","-1.3614",""
"2025-09-26","2615","2615","unknown","-2.6247","47.46","50","2.62","-1.8566",""
"2025-09-30","2317","2317","unknown","-1.5945","49.39","50","1.59","0.0398",""
"2025-09-30","2330","2330","unknown","0.3846","49.98","50","0.38","0.1704",""
"2025-09-30","2454","2454","unknown","0.3817","48.81","50","0.38","-1.3001",""
"2025-09-30","2603","2603","unknown","0.5618","49.38","50","0.56","-0.4936",""
"2025-09-30","2609","2609","unknown","-0.5629","48.93","50","0.56","-1.0537",""
"2025-09-30","2615","2615","unknown","0.1348","48.91","50","0.13","-1.2897",""
"2025-10-01","2317","2317","unknown","1.3889","49.33","50","1.39","-0.1454",""
"2025-10-01","2330","2330","unknown","1.5326","49.21","50","1.53","-0.2181",""
"2025-10-01","2454","2454","unknown","-2.2814","48.02","50","2.28","-1.3294",""
"2025-10-01","2603","2603","unknown","-0.838","49.27","50","0.84","-0.4977",""
"2025-10-01","2609","2609","unknown","-1.3208","48.62","50","1.32","-1.0674",""
"2025-10-01","2615","2615","unknown","-0.2692","49.1","50","0.27","-0.9905",""
"2025-10-02","2317","2317","unknown","2.968","49.03","50","2.97","0.2672",""
"2025-10-02","2330","2330","unknown","3.0189","49.1","50","3.02","0.3857",""
"2025-10-02","2454","2454","unknown","-0.3891","49.24","50","0.39","-0.7526",""
"2025-10-02","2603","2603","unknown","0","49.73","50","0","-0.3329",""
"2025-10-02","2609","2609","unknown","-1.5296","48.35","50","1.53","-1.3008",""
"2025-10-02","2615","2615","unknown","-1.0796","48.83","50","1.08","-0.924",""
"2025-10-03","2317","2317","unknown","0.4435","49.61","50","0.44","-0.2719",""
"2025-10-03","2330","2330","unknown","2.5641","49.93","50","2.56","1.197",""
"2025-10-03","2454","2454","unknown","3.125","48.47","50","3.12","-0.3532",""
"2025-10-03","2603","2603","unknown","1.6901","49.37","50","1.69","0.0606",""
"2025-10-03","2609","2609","unknown","0.9709","48.73","50","0.97","-1.1067",""
"2025-10-03","2615","2615","unknown","0.2728","49.32","50","0.27","-0.7132",""
"2025-10-07","2317","2317","unknown","0.883","50.3","50","0.88","0.8178",""
"2025-10-07","2330","2330","unknown","2.5","50.6","50","2.5","2",""
"2025-10-07","2454","2454","unknown","0.3788","50.04","50","0.38","0.243",""
"2025-10-07","2603","2603","unknown","-0.277","50.07","50","0.28","0.2274",""
"2025-10-07","2609","2609","unknown","-0.3846","49.39","50","0.38","-0.5654",""
"2025-10-07","2615","2615","unknown","0","49.85","50","0","-0.1882",""
"2025-10-08","2317","2317","unknown","-1.5317","50.05","50","1.53","0.8303",""
"2025-10-08","2330","2330","unknown","-1.3937","50.76","50","1.39","1.6444",""
"2025-10-08","2454","2454","unknown","0.7547","49.95","50","0.75","0.3176",""
"2025-10-08","2603","2603","unknown","-0.2778","49.94","50","0.28","0.0595",""
"2025-10-08","2609","2609","unknown","-0.193","49.53","50","0.19","-0.4914",""
"2025-10-08","2615","2615","unknown","0.4082","49.73","50","0.41","-0.1336",""
"2025-10-09","2317","2317","unknown","-1.5556","49.57","50","1.56","0.2414",""
"2025-10-09","2330","2330","unknown","1.7668","50.65","50","1.77","1.6912",""
"2025-10-09","2454","2454","unknown","0.7491","50.44","50","0.75","0.9237",""
"2025-10-09","2603","2603","unknown","-0.5571","49.87","50","0.56","0.1157",""
"2025-10-09","2609","2609","unknown","-0.7737","49.38","50","0.77","-0.382",""
"2025-10-09","2615","2615","unknown","0.542","49.81","50","0.54","0.0287",""
"2025-10-13","2317","2317","unknown","-3.8375","47.57","50","3.84","-1.1197",""
"2025-10-13","2330","2330","unknown","-1.7361","49.9","50","1.74","0.7402",""
"2025-10-13","2454","2454","unknown","-2.2305","49.55","50","2.23","0.5554",""
"2025-10-13","2603","2603","unknown","0.2801","50.03","50","0.28","0.1717",""
"2025-10-13","2609","2609","unknown","0.5848","49.8","50","0.58","0.0409",""
"2025-10-13","2615","2615","unknown","2.6954","49.55","50","2.7","0.7837",""
"2025-10-14","2317","2317","unknown","-3.2864","47.19","50","3.29","-1.8656",""
"2025-10-14","2330","2330","unknown","0.7067","50.01","50","0.71","0.3687",""
"2025-10-14","2454","2454","unknown","-0.7605","49.52","50","0.76","-0.2217",""
"2025-10-14","2603","2603","unknown","5.5866","48.53","50","5.59","0.951",""
"2025-10-14","2609","2609","unknown","9.8837","47.51","50","9.88","1.8234",""
"2025-10-14","2615","2615","unknown","9.9738","48.19","50","9.97","2.7239",""
"2025-10-15","2317","2317","unknown","0.2427","48.31","50","0.24","-1.9937",""
"2025-10-15","2330","2330","unknown","2.807","49.22","50","2.81","0.4301",""
"2025-10-15","2454","2454","unknown","0.7663","49.58","50","0.77","-0.1442",""
"2025-10-15","2603","2603","unknown","-2.6455","49.32","50","2.65","0.4773",""
"2025-10-15","2609","2609","unknown","-6.1728","48.06","50","6.17","0.6658",""
"2025-10-15","2615","2615","unknown","-3.938","49.97","50","3.94","1.9363",""
"2025-10-16","2317","2317","unknown","7.9903","46.73","50","7.99","-0.0893",""
"2025-10-16","2330","2330","unknown","1.3652","50.24","50","1.37","0.9819",""
"2025-10-16","2454","2454","unknown","1.1407","49.49","50","1.14","-0.067",""
"2025-10-16","2603","2603","unknown","0.8152","50.23","50","0.82","0.6959",""
"2025-10-16","2609","2609","unknown","0.188","50.52","50","0.19","0.742",""
"2025-10-16","2615","2615","unknown","-1.2422","50.79","50","1.24","1.6062",""
"2025-10-17","2317","2317","unknown","1.5695","49.8","50","1.57","0.5357",""
"2025-10-17","2330","2330","unknown","-2.3569","49.18","50","2.36","0.1572",""
"2025-10-17","2454","2454","unknown","0","49.83","50","0","-0.2168",""
"2025-10-17","2603","2603","unknown","0.5391","50.52","50","0.54","0.9151",""
"2025-10-17","2609","2609","unknown","1.5009","50.36","50","1.5","1.1969",""
"2025-10-17","2615","2615","unknown","0.8805","50.99","50","0.88","1.6739",""
"2025-10-20","2317","2317","unknown","5.298","49.77","50","5.3","2.3628",""
"2025-10-20","2330","2330","unknown","2.069","49.91","50","2.07","0.9182",""
"2025-10-20","2454","2454","unknown","0.7519","50","50","0.75","0.3797",""
"2025-10-20","2603","2603","unknown","-1.0724","50.09","50","1.07","0.6446",""
"2025-10-20","2609","2609","unknown","-0.1848","50.76","50","0.18","1.043",""
"2025-10-20","2615","2615","unknown","-1.1222","50.28","50","1.12","0.9104",""
"2025-10-21","2317","2317","unknown","0.2096","52.37","50","0.21","3.062",""
"2025-10-21","2330","2330","unknown","0","50.62","50","0","0.7769",""
"2025-10-21","2454","2454","unknown","0","50.43","50","0","0.5318",""
"2025-10-21","2603","2603","unknown","-1.355","48.86","50","1.36","-0.7437",""
"2025-10-21","2609","2609","unknown","-0.3704","49.05","50","0.37","-1.0078",""
"2025-10-21","2615","2615","unknown","-1.8916","48.07","50","1.89","-1.4627",""
"2025-10-22","2317","2317","unknown","1.4644","52.06","50","1.46","3.3064",""
"2025-10-22","2330","2330","unknown","-1.3514","49.42","50","1.35","-0.0548",""
"2025-10-22","2454","2454","unknown","-0.7463","49.88","50","0.75","0.2293",""
"2025-10-22","2603","2603","unknown","0.2747","49.76","50","0.27","-0.1597",""
"2025-10-22","2609","2609","unknown","0.1859","50.14","50","0.19","0.2639",""
"2025-10-22","2615","2615","unknown","0.1285","49.43","50","0.13","-0.6494",""
"2025-10-23","2317","2317","unknown","-1.4433","50.56","50","1.44","1.4197",""
"2025-10-23","2330","2330","unknown","-0.6849","49.35","50","0.68","-0.4648",""
"2025-10-23","2454","2454","unknown","-2.6316","48.53","50","2.63","-0.5252",""
"2025-10-23","2603","2603","unknown","1.3699","49.41","50","1.37","-0.0487",""
"2025-10-23","2609","2609","unknown","0.1855","50.14","50","0.19","0.2634",""
"2025-10-23","2615","2615","unknown","-1.1553","49.03","50","1.16","-0.632",""
"2025-10-27","2317","2317","unknown","3.1381","50.13","50","3.14","1.7334",""
"2025-10-27","2330","2330","unknown","2.069","49.51","50","2.07","0.4203",""
"2025-10-27","2454","2454","unknown","3.0888","48.84","50","3.09","0.0926",""
"2025-10-27","2603","2603","unknown","0.2703","49.81","50","0.27","-0.1025",""
"2025-10-27","2609","2609","unknown","0.5556","49.84","50","0.56","0.0743",""
"2025-10-27","2615","2615","unknown","0.3896","49.26","50","0.39","-0.7302",""
"2025-10-28","2317","2317","unknown","1.4199","50.2","50","1.42","0.9577",""
"2025-10-28","2330","2330","unknown","-0.3378","49.82","50","0.34","-0.061",""
"2025-10-28","2454","2454","unknown","-1.4981","49.11","50","1.5","-0.3574",""
"2025-10-28","2603","2603","unknown","1.0782","49.83","50","1.08","0.3276",""
"2025-10-28","2609","2609","unknown","1.4733","49.74","50","1.47","0.406",""
"2025-10-28","2615","2615","unknown","0.6468","49.44","50","0.65","-0.3764",""
"2025-10-29","2317","2317","unknown","4","49.77","50","4","1.7158",""
"2025-10-29","2330","2330","unknown","2.0339","49.46","50","2.03","0.3457",""
"2025-10-29","2454","2454","unknown","-1.1407","49.08","50","1.14","-0.5856",""
"2025-10-29","2603","2603","unknown","1.3333","50.16","50","1.33","0.8653",""
"2025-10-29","2609","2609","unknown","2.5408","49.77","50","2.54","0.9882",""
"2025-10-29","2615","2615","unknown","2.1851","49.48","50","2.19","0.4389",""
"2025-10-30","2317","2317","unknown","0.7692","50.95","50","0.77","1.5768",""
"2025-10-30","2330","2330","unknown","0","50.49","50","0","0.616",""
"2025-10-30","2454","2454","unknown","0.7692","49.47","50","0.77","-0.2825",""
"2025-10-30","2603","2603","unknown","3.1579","49.89","50","3.16","1.4419",""
"2025-10-30","2609","2609","unknown","6.1947","49.27","50","6.19","2.19",""
"2025-10-30","2615","2615","unknown","9.9371","47.95","50","9.94","2.4007",""
"2025-10-31","2317","2317","unknown","-1.7176","50.53","50","1.72","1.5219",""
"2025-10-31","2330","2330","unknown","-0.3322","50.42","50","0.33","0.6866",""
"2025-10-31","2454","2454","unknown","0","50.2","50","0","0.2438",""
"2025-10-31","2603","2603","unknown","-1.2755","50.22","50","1.28","0.9128",""
"2025-10-31","2609","2609","unknown","-4.1667","49.39","50","4.17","1.3195",""
"2025-10-31","2615","2615","unknown","-6.0641","48.71","50","6.06","1.4189",""
"2025-11-03","2317","2317","unknown","-2.3301","49.41","50","2.33","0.4283",""
"2025-11-03","2330","2330","unknown","0.6667","50.06","50","0.67","0.4061",""
"2025-11-03","2454","2454","unknown","-0.7634","49.27","50","0.76","-0.5266",""
"2025-11-03","2603","2603","unknown","-0.2584","50.54","50","0.26","0.8071",""
"2025-11-03","2609","2609","unknown","-1.7391","49.99","50","1.74","0.8606",""
"2025-11-03","2615","2615","unknown","-0.1218","51","50","0.12","1.3166",""
"2025-11-04","2317","2317","unknown","-2.9821","48.45","50","2.98","-0.4521",""
"2025-11-04","2330","2330","unknown","-0.3311","50.19","50","0.33","0.4074",""
"2025-11-04","2454","2454","unknown","1.1538","49.54","50","1.15","0.0038",""
"2025-11-04","2603","2603","unknown","-2.5907","49.02","50","2.59","0.0733",""
"2025-11-04","2609","2609","unknown","-2.3009","49.16","50","2.3","0.1058",""
"2025-11-04","2615","2615","unknown","0.1219","50.92","50","0.12","1.2117",""
"2025-11-05","2317","2317","unknown","1.2295","48.7","50","1.23","-1.0062",""
"2025-11-05","2330","2330","unknown","-2.99","48.33","50","2.99","-0.5973",""
"2025-11-05","2454","2454","unknown","1.1407","49.91","50","1.14","0.4601",""
"2025-11-05","2603","2603","unknown","-1.3298","49.1","50","1.33","-0.4593",""
"2025-11-05","2609","2609","unknown","-1.2681","48.97","50","1.27","-0.656",""
"2025-11-05","2615","2615","unknown","-1.7052","49.66","50","1.71","0.4336",""
"2025-11-06","2317","2317","unknown","0.4049","48.97","50","0.4","-1.0791",""
"2025-11-06","2330","2330","unknown","0.3425","49.44","50","0.34","-0.5289",""
"2025-11-06","2454","2454","unknown","-3.0075","48.56","50","3.01","-0.2953",""
"2025-11-06","2603","2603","unknown","1.6173","48.74","50","1.62","-0.7674",""
"2025-11-06","2609","2609","unknown","0.9174","48.26","50","0.92","-1.7115",""
"2025-11-06","2615","2615","unknown","2.7262","48.1","50","2.73","-1.0086",""
"2025-11-07","2317","2317","unknown","-1.6129","48.51","50","1.61","-1.0581",""
"2025-11-07","2330","2330","unknown","-0.3413","49.44","50","0.34","-0.5307",""
"2025-11-07","2454","2454","unknown","-2.3256","48.46","50","2.33","-0.7604",""
"2025-11-07","2603","2603","unknown","-0.7958","49.14","50","0.8","-0.6715",""
"2025-11-07","2609","2609","unknown","-1.2727","48.58","50","1.27","-1.1327",""
"2025-11-07","2615","2615","unknown","-0.3619","49.96","50","0.36","0.1318",""
"2025-11-10","2317","2317","unknown","2.2541","48.99","50","2.25","-0.1413",""
"2025-11-10","2330","2330","unknown","1.0274","49.22","50","1.03","-0.4585",""
"2025-11-10","2454","2454","unknown","-0.7937","49.07","50","0.79","-0.7664",""
"2025-11-10","2603","2603","unknown","-2.4064","48.16","50","2.41","-1.1011",""
"2025-11-10","2609","2609","unknown","-2.3941","48.03","50","2.39","-1.2637",""
"2025-11-10","2615","2615","unknown","-3.1477","48.36","50","3.15","-0.4733",""
"2025-11-11","2317","2317","unknown","-1.2024","49.69","50","1.2","0.2146",""
"2025-11-11","2330","2330","unknown","-0.678","49.31","50","0.68","-0.5279",""
"2025-11-11","2454","2454","unknown","-0.8","48.75","50","0.8","-1.1572",""
"2025-11-11","2603","2603","unknown","-1.3699","48.77","50","1.37","-0.8569",""
"2025-11-11","2609","2609","unknown","-0.566","49.04","50","0.57","-0.9167",""
"2025-11-11","2615","2615","unknown","-1.125","48.97","50","1.13","-0.7227",""
"2025-11-12","2317","2317","unknown","1.8256","49.54","50","1.83","0.3338",""
"2025-11-12","2330","2330","unknown","0.6826","49.89","50","0.68","0.2066",""
"2025-11-12","2454","2454","unknown","0.4032","48.79","50","0.4","-1.3047",""
"2025-11-12","2603","2603","unknown","3.3333","48.73","50","3.33","0.0757",""
"2025-11-12","2609","2609","unknown","2.6565","48.83","50","2.66","-0.1318",""
"2025-11-12","2615","2615","unknown","3.1606","48.94","50","3.16","0.2504",""
"2025-11-13","2317","2317","unknown","0.3984","50.11","50","0.4","0.3326",""
"2025-11-13","2330","2330","unknown","-1.0169","49.54","50","1.02","-0.0652",""
"2025-11-13","2454","2454","unknown","0","49.44","50","0","-0.7032",""
"2025-11-13","2603","2603","unknown","0.8065","49.61","50","0.81","-0.0865",""
"2025-11-13","2609","2609","unknown","0.1848","49.7","50","0.18","-0.2783",""
"2025-11-13","2615","2615","unknown","2.6961","49.12","50","2.7","0.2444",""
"2025-11-14","2317","2317","unknown","-4.3651","48.08","50","4.37","-0.2179",""
"2025-11-14","2330","2330","unknown","-2.0548","48.85","50","2.05","-0.4079",""
"2025-11-14","2454","2454","unknown","-1.2048","49.13","50","1.2","-0.479",""
"2025-11-14","2603","2603","unknown","-1.0667","49.46","50","1.07","-0.1406",""
"2025-11-14","2609","2609","unknown","-0.9225","49.46","50","0.92","-0.2083",""
"2025-11-14","2615","2615","unknown","-1.5513","49.38","50","1.55","0.0065",""
"2025-11-17","2317","2317","unknown","-2.0747","48.3","50","2.07","-1.0836",""
"2025-11-17","2330","2330","unknown","1.049","49.26","50","1.05","-0.4036",""
"2025-11-17","2454","2454","unknown","0","49.74","50","0","-0.3203",""
"2025-11-17","2603","2603","unknown","-2.1563","49.06","50","2.16","-0.0906",""
"2025-11-17","2609","2609","unknown","-1.1173","49.59","50","1.12","0.0471",""
"2025-11-17","2615","2615","unknown","-1.3333","49.76","50","1.33","0.3694",""
"2025-11-18","2317","2317","unknown","-2.5424","47.9","50","2.54","-1.3516",""
"2025-11-18","2330","2330","unknown","-2.7682","48.24","50","2.77","-0.8217",""
"2025-11-18","2454","2454","unknown","-4.878","47.14","50","4.88","-1.1359",""
"2025-11-18","2603","2603","unknown","-1.1019","49.53","50","1.1","-0.037",""
"2025-11-18","2609","2609","unknown","-2.8249","48.55","50","2.82","-0.4047",""
"2025-11-18","2615","2615","unknown","2.3342","49.92","50","2.33","1.0612",""
"2025-11-19","2317","2317","unknown","-0.4348","48.38","50","0.43","-1.8037",""
"2025-11-19","2330","2330","unknown","-0.7117","48.83","50","0.71","-1.1005",""
"2025-11-19","2454","2454","unknown","-0.8547","48.55","50","0.85","-1.3875",""
"2025-11-19","2603","2603","unknown","0","49.44","50","0","-0.7037",""
"2025-11-19","2609","2609","unknown","-0.1938","49.14","50","0.19","-0.9747",""
"2025-11-19","2615","2615","unknown","-0.9604","49.81","50","0.96","0.237",""
"2025-11-20","2317","2317","unknown","3.2751","47.71","50","3.28","-1.2284",""
"2025-11-20","2330","2330","unknown","4.3011","48.25","50","4.3","-0.0369",""
"2025-11-20","2454","2454","unknown","2.1552","48.37","50","2.16","-0.9565",""
"2025-11-20","2603","2603","unknown","1.6713","48.91","50","1.67","-0.5307",""
"2025-11-20","2609","2609","unknown","0.1942","49.14","50","0.19","-0.9729",""
"2025-11-20","2615","2615","unknown","-0.8485","49.28","50","0.85","-0.4719",""
"2025-11-21","2317","2317","unknown","-4.8626","46.99","50","4.86","-1.3279",""
"2025-11-21","2330","2330","unknown","-4.811","47.61","50","4.81","-0.5882",""
"2025-11-21","2454","2454","unknown","-3.3755","47.54","50","3.38","-1.3906",""
"2025-11-21","2603","2603","unknown","-1.3699","48.98","50","1.37","-0.5914",""
"2025-11-21","2609","2609","unknown","-1.1628","48.72","50","1.16","-1.0209",""
"2025-11-21","2615","2615","unknown","-2.5672","48.43","50","2.57","-0.6751",""
"2025-11-24","2317","2317","unknown","-2.2222","48.03","50","2.22","-1.3574",""
"2025-11-24","2330","2330","unknown","-0.722","48.96","50","0.72","-0.9424",""
"2025-11-24","2454","2454","unknown","0.4367","48.78","50","0.44","-1.3033",""
"2025-11-24","2603","2603","unknown","-0.5556","49.56","50","0.56","-0.2712",""
"2025-11-24","2609","2609","unknown","2.549","48.75","50","2.55","-0.2877",""
"2025-11-24","2615","2615","unknown","-0.2509","49.53","50","0.25","-0.4586",""
"2025-11-25","2317","2317","unknown","-0.4545","49.07","50","0.45","-0.9398",""
"2025-11-25","2330","2330","unknown","2.9091","48.99","50","2.91","0.1931",""
"2025-11-25","2454","2454","unknown","3.0435","49.01","50","3.04","0.281",""
"2025-11-25","2603","2603","unknown","0.838","49.76","50","0.84","0.1168",""
"2025-11-25","2609","2609","unknown","-1.912","49.15","50","1.91","-0.1051",""
"2025-11-25","2615","2615","unknown","-1.2579","48.56","50","1.26","-1.177",""
"2025-11-26","2317","2317","unknown","3.653","48.44","50","3.65","-0.1223",""
"2025-11-26","2330","2330","unknown","1.7668","49.84","50","1.77","0.6888",""
"2025-11-26","2454","2454","unknown","9.7046","48.03","50","9.7","2.3929",""
"2025-11-26","2603","2603","unknown","0.831","49.89","50","0.83","0.283",""
"2025-11-26","2609","2609","unknown","2.3392","49.39","50","2.34","0.4015",""
"2025-11-26","2615","2615","unknown","5.3503","47.93","50","5.35","0.0852",""
"2025-11-27","2317","2317","unknown","1.7621","48.96","50","1.76","-0.4249",""
"2025-11-27","2330","2330","unknown","-0.3472","49.67","50","0.35","-0.2409",""
"2025-11-27","2454","2454","unknown","3.0769","50.83","50","3.08","2.5772",""
"2025-11-27","2603","2603","unknown","-0.8242","49.5","50","0.82","-0.2161",""
"2025-11-27","2609","2609","unknown","-0.7619","49.86","50","0.76","0.2103",""
"2025-11-27","2615","2615","unknown","-1.5719","49.32","50","1.57","-0.0595",""
"2025-11-28","2317","2317","unknown","-2.381","49.1","50","2.38","0.0715",""
"2025-11-28","2330","2330","unknown","0.3484","50.49","50","0.35","0.791",""
"2025-11-28","2454","2454","unknown","4.1045","51.62","50","4.1","4.0732",""
"2025-11-28","2603","2603","unknown","-0.554","49.74","50","0.55","-0.0529",""
"2025-11-28","2609","2609","unknown","-0.1919","50.25","50","0.19","0.4045",""
"2025-11-28","2615","2615","unknown","-0.9828","49.81","50","0.98","0.2574",""
"2025-12-01","2317","2317","unknown","-1.5521","49.54","50","1.55","0.2055",""
"2025-12-01","2330","2330","unknown","-2.0833","49.58","50","2.08","0.5188",""
"2025-12-01","2454","2454","unknown","3.5842","52.33","50","3.58","4.7027",""
"2025-12-01","2603","2603","unknown","1.1142","49.78","50","1.11","0.281",""
"2025-12-01","2609","2609","unknown","0.7692","49.73","50","0.77","0.0485",""
"2025-12-01","2615","2615","unknown","0.7444","50.07","50","0.74","0.4564",""
"2025-12-02","2317","2317","unknown","0","50.24","50","0","0.2964",""
"2025-12-02","2330","2330","unknown","1.4184","49.61","50","1.42","0.2206",""
"2025-12-02","2454","2454","unknown","-2.0761","52.11","50","2.08","3.6788",""
"2025-12-02","2603","2603","unknown","0","50.09","50","0","0.1134",""
"2025-12-02","2609","2609","unknown","-0.7634","49.92","50","0.76","0.2782",""
"2025-12-02","2615","2615","unknown","-0.4926","50.29","50","0.49","0.6095",""
"2025-12-03","2317","2317","unknown","2.2523","49.11","50","2.25","0.0163",""
"2025-12-03","2330","2330","unknown","1.3986","49.56","50","1.4","0.147",""
"2025-12-03","2454","2454","unknown","-1.0601","50.8","50","1.06","1.5259",""
"2025-12-03","2603","2603","unknown","0.551","49.83","50","0.55","0.0574",""
"2025-12-03","2609","2609","unknown","-0.1923","49.74","50","0.19","-0.2281",""
"2025-12-03","2615","2615","unknown","-0.3713","49.42","50","0.37","-0.5348",""
"2025-12-04","2317","2317","unknown","0.6608","49.57","50","0.66","-0.204",""
"2025-12-04","2330","2330","unknown","-0.3448","49.98","50","0.34","0.1475",""
"2025-12-04","2454","2454","unknown","0.3571","50.64","50","0.36","0.9819",""
"2025-12-04","2603","2603","unknown","1.0959","49.91","50","1.1","0.4414",""
"2025-12-04","2609","2609","unknown","1.1561","49.66","50","1.16","0.1555",""
"2025-12-04","2615","2615","unknown","0","49.82","50","0","-0.2205",""
"2025-12-05","2317","2317","unknown","1.0941","49.96","50","1.09","0.491",""
"2025-12-05","2330","2330","unknown","1.0381","49.81","50","1.04","0.2854",""
"2025-12-05","2454","2454","unknown","1.4235","49.79","50","1.42","0.4457",""
"2025-12-05","2603","2603","unknown","-0.813","49.99","50","0.81","0.3896",""
"2025-12-05","2609","2609","unknown","-1.5238","49.3","50","1.52","-0.1108",""
"2025-12-05","2615","2615","unknown","-0.9938","49.42","50","0.99","-0.2227",""
"2025-12-08","2317","2317","unknown","0.4329","50.54","50","0.43","0.888",""
"2025-12-08","2330","2330","unknown","2.3973","49.99","50","2.4","1.1815",""
"2025-12-08","2454","2454","unknown","1.0526","49.53","50","1.05","-0.0606",""
"2025-12-08","2603","2603","unknown","-1.6393","49.22","50","1.64","-0.1611",""
"2025-12-08","2609","2609","unknown","-0.9671","49.25","50","0.97","-0.4581",""
"2025-12-08","2615","2615","unknown","-1.0038","49.14","50","1","-0.5723",""
"2025-12-09","2317","2317","unknown","1.2931","50.4","50","1.29","1.1466",""
"2025-12-09","2330","2330","unknown","-1.0033","50.16","50","1","0.6972",""
"2025-12-09","2454","2454","unknown","-1.3889","49.51","50","1.39","0.0769",""
"2025-12-09","2603","2603","unknown","-0.8333","49.4","50","0.83","-0.3278",""
"2025-12-09","2609","2609","unknown","-1.5625","48.88","50","1.56","-0.6179",""
"2025-12-09","2615","2615","unknown","-0.2535","49.48","50","0.25","-0.5245",""
"2025-12-10","2317","2317","unknown","-0.6383","50.2","50","0.64","0.5685",""
"2025-12-10","2330","2330","unknown","1.6892","49.93","50","1.69","0.7553",""
"2025-12-10","2454","2454","unknown","2.8169","49.56","50","2.82","0.8523",""
"2025-12-10","2603","2603","unknown","0.2801","49.58","50","0.28","-0.3819",""
"2025-12-10","2609","2609","unknown","0.3968","49.44","50","0.4","-0.5001",""
"2025-12-10","2615","2615","unknown","-0.1271","49.57","50","0.13","-0.4756",""
"2025-12-11","2317","2317","unknown","-3.212","48.55","50","3.21","-0.206",""
"2025-12-11","2330","2330","unknown","-2.3256","49.36","50","2.33","0.3591",""
"2025-12-11","2454","2454","unknown","-4.4521","48.13","50","4.45","-0.1096",""
"2025-12-11","2603","2603","unknown","0.838","49.32","50","0.84","-0.4335",""
"2025-12-11","2609","2609","unknown","0.1976","49.37","50","0.2","-0.6918",""
"2025-12-11","2615","2615","unknown","-0.2544","49.48","50","0.25","-0.5265",""
"2025-12-12","2317","2317","unknown","0.4425","49.55","50","0.44","-0.3364",""
"2025-12-12","2330","2330","unknown","0.6803","49.96","50","0.68","0.2876",""
"2025-12-12","2454","2454","unknown","0.7168","49.51","50","0.72","-0.2509",""
"2025-12-12","2603","2603","unknown","1.385","49.45","50","1.39","0.0061",""
"2025-12-12","2609","2609","unknown","0.1972","49.64","50","0.2","-0.3476",""
"2025-12-12","2615","2615","unknown","-0.2551","49.59","50","0.26","-0.3788",""
"2025-12-15","2317","2317","unknown","-2.4229","48.3","50","2.42","-0.9075",""
"2025-12-15","2330","2330","unknown","-2.027","48.71","50","2.03","-0.5973",""
"2025-12-15","2454","2454","unknown","1.0676","49.37","50","1.07","-0.2479",""
"2025-12-15","2603","2603","unknown","0.2732","50.2","50","0.27","0.3886",""
"2025-12-15","2609","2609","unknown","0.9843","49.64","50","0.98","0.0427",""
"2025-12-15","2615","2615","unknown","0.6394","49.7","50","0.64","-0.0501",""
"2025-12-16","2317","2317","unknown","-1.5801","48.18","50","1.58","-1.4822",""
"2025-12-16","2330","2330","unknown","-1.0345","49.1","50","1.03","-0.6035",""
"2025-12-16","2454","2454","unknown","0","50.02","50","0","0.0299",""
"2025-12-16","2603","2603","unknown","0","50.44","50","0","0.5553",""
"2025-12-16","2609","2609","unknown","0.3899","50.19","50","0.39","0.4332",""
"2025-12-16","2615","2615","unknown","-0.7624","49.57","50","0.76","-0.1519",""
"2025-12-17","2317","2317","unknown","-0.6881","48.53","50","0.69","-1.4921",""
"2025-12-17","2330","2330","unknown","-0.3484","49.05","50","0.35","-1.0111",""
"2025-12-17","2454","2454","unknown","0.3521","49.49","50","0.35","-0.4631",""
"2025-12-17","2603","2603","unknown","0.2725","50.33","50","0.27","0.5537",""
"2025-12-17","2609","2609","unknown","0.1942","50.24","50","0.19","0.3926",""
"2025-12-17","2615","2615","unknown","-0.128","49.83","50","0.13","-0.1521",""
"2025-12-18","2317","2317","unknown","-0.2309","49.19","50","0.23","-0.8959",""
"2025-12-18","2330","2330","unknown","0","49.56","50","0","-0.5459",""
"2025-12-18","2454","2454","unknown","-0.3509","50.15","50","0.35","0.3571",""
"2025-12-18","2603","2603","unknown","-0.5435","50","50","0.54","0.2775",""
"2025-12-18","2609","2609","unknown","-1.7442","49.31","50","1.74","0.0043",""
"2025-12-18","2615","2615","unknown","-2.0513","48.77","50","2.05","-0.5115",""
"2025-12-19","2317","2317","unknown","2.5463","48.6","50","2.55","-0.4752",""
"2025-12-19","2330","2330","unknown","0","49.45","50","0","-0.682",""
"2025-12-19","2454","2454","unknown","-0.7042","49.78","50","0.7","0.0729",""
"2025-12-19","2603","2603","unknown","1.3661","49.67","50","1.37","0.2737",""
"2025-12-19","2609","2609","unknown","3.1558","49.21","50","3.16","0.596",""
"2025-12-19","2615","2615","unknown","2.0942","49.13","50","2.09","-0.0416",""
"2025-12-22","2317","2317","unknown","1.1287","49.74","50","1.13","0.2352",""
"2025-12-22","2330","2330","unknown","2.4476","49.19","50","2.45","0.2129",""
"2025-12-22","2454","2454","unknown","-0.7092","49.49","50","0.71","-0.2824",""
"2025-12-22","2603","2603","unknown","0.2695","50.11","50","0.27","0.2729",""
"2025-12-22","2609","2609","unknown","0.7648","50.14","50","0.76","0.5521",""
"2025-12-22","2615","2615","unknown","0.2564","49.8","50","0.26","-0.1182",""
"2025-12-23","2317","2317","unknown","0","50.44","50","0","0.5512",""
"2025-12-23","2330","2330","unknown","1.7065","49.93","50","1.71","0.7611",""
"2025-12-23","2454","2454","unknown","-0.7143","49.37","50","0.71","-0.4253",""
"2025-12-23","2603","2603","unknown","0","50.22","50","0","0.2729",""
"2025-12-23","2609","2609","unknown","0.1898","50.33","50","0.19","0.5121",""
"2025-12-23","2615","2615","unknown","0.3836","49.94","50","0.38","0.111",""
"2025-12-24","2317","2317","unknown","0","50.55","50","0","0.6888",""
"2025-12-24","2330","2330","unknown","0.3356","50.58","50","0.34","0.8979",""
"2025-12-24","2454","2454","unknown","-0.7194","49.2","50","0.72","-0.6396",""
"2025-12-24","2603","2603","unknown","1.3441","49.85","50","1.34","0.4873",""
"2025-12-24","2609","2609","unknown","4.7348","49.24","50","4.73","1.4202",""
"2025-12-24","2615","2615","unknown","0.2548","50.05","50","0.25","0.1876",""
"2025-12-26","2317","2317","unknown","0.6696","50.43","50","0.67","0.8689",""
"2025-12-26","2330","2330","unknown","1.0033","50.48","50","1","1.0986",""
"2025-12-26","2454","2454","unknown","0.3623","49.46","50","0.36","-0.497",""
"2025-12-26","2603","2603","unknown","1.3263","50.16","50","1.33","0.8612",""
"2025-12-26","2609","2609","unknown","1.4467","51.07","50","1.45","2.0584",""
"2025-12-26","2615","2615","unknown","1.3977","50.14","50","1.4","0.8774",""
"2025-12-29","2317","2317","unknown","2.439","49.7","50","2.44","0.8475",""
"2025-12-29","2330","2330","unknown","1.3245","50.56","50","1.32","1.3635",""
"2025-12-29","2454","2454","unknown","2.5271","49.11","50","2.53","0.1493",""
"2025-12-29","2603","2603","unknown","-0.2618","50.32","50","0.26","0.5356",""
"2025-12-29","2609","2609","unknown","0.8913","50.93","50","0.89","1.6055",""
"2025-12-29","2615","2615","unknown","0.5012","50.25","50","0.5","0.5588",""
"2025-12-30","2317","2317","unknown","-1.2987","49.77","50","1.3","0.362",""
"2025-12-30","2330","2330","unknown","-0.6536","50.33","50","0.65","0.7433",""
"2025-12-30","2454","2454","unknown","0","50.23","50","0","0.2911",""
"2025-12-30","2603","2603","unknown","0.2625","50.32","50","0.26","0.5342",""
"2025-12-30","2609","2609","unknown","-0.53","50.87","50","0.53","1.3465",""
"2025-12-30","2615","2615","unknown","-0.8728","49.92","50","0.87","0.3329",""
"2025-12-31","2317","2317","unknown","1.0965","50.03","50","1.1","0.5813",""
"2025-12-31","2330","2330","unknown","1.9737","49.85","50","1.97","0.7967",""
"2025-12-31","2454","2454","unknown","0.7042","50.18","50","0.7","0.5748",""
"2025-12-31","2603","2603","unknown","-0.5236","50.13","50","0.52","0.4295",""
"2025-12-31","2609","2609","unknown","-1.0657","50.45","50","1.07","1.0954",""
"2025-12-31","2615","2615","unknown","-0.8805","49.71","50","0.88","0.0801",""
"2026-01-02","2317","2317","unknown","0.6508","50.31","50","0.65","0.7114",""
"2026-01-02","2330","2330","unknown","2.2581","50.04","50","2.26","1.1812",""
"2026-01-02","2454","2454","unknown","2.7972","49.9","50","2.8","1.2782",""
"2026-01-02","2603","2603","unknown","1.5789","49.75","50","1.58","0.4765",""
"2026-01-02","2609","2609","unknown","0.5386","49.99","50","0.54","0.2562",""
"2026-01-02","2615","2615","unknown","1.0152","49.78","50","1.02","0.2322",""
"2026-01-05","2317","2317","unknown","1.0776","50.2","50","1.08","0.793",""
"2026-01-05","2330","2330","unknown","5.3628","49.5","50","5.36","2.0531",""
"2026-01-05","2454","2454","unknown","3.7415","50.07","50","3.74","1.954",""
"2026-01-05","2603","2603","unknown","-1.5544","49.3","50","1.55","-0.0997",""
"2026-01-05","2609","2609","unknown","-1.9643","48.87","50","1.96","-0.426",""
"2026-01-05","2615","2615","unknown","-1.5075","49.12","50","1.51","-0.3489",""
"2026-01-06","2317","2317","unknown","0.6397","50.09","50","0.64","0.4332",""
"2026-01-06","2330","2330","unknown","2.0958","50.93","50","2.1","2.2073",""
"2026-01-06","2454","2454","unknown","-2.623","49.69","50","2.62","0.924",""
"2026-01-06","2603","2603","unknown","-0.2632","49.81","50","0.26","-0.0999",""
"2026-01-06","2609","2609","unknown","1.0929","49.25","50","1.09","-0.3857",""
"2026-01-06","2615","2615","unknown","-0.2551","49.5","50","0.26","-0.5001",""
"2026-01-07","2317","2317","unknown","1.0593","50.3","50","1.06","0.9048",""
"2026-01-07","2330","2330","unknown","-1.7595","50.89","50","1.76","1.9862",""
"2026-01-07","2454","2454","unknown","0.3367","50.66","50","0.34","0.9913",""
"2026-01-07","2603","2603","unknown","3.1662","49.12","50","3.17","0.4808",""
"2026-01-07","2609","2609","unknown","3.7838","48.87","50","3.78","0.4771",""
"2026-01-07","2615","2615","unknown","2.9412","49.03","50","2.94","0.2627",""
"2026-01-08","2317","2317","unknown","-3.7736","48.44","50","3.77","-0.0693",""
"2026-01-08","2330","2330","unknown","0.597","51.13","50","0.6","1.7108",""
"2026-01-08","2454","2454","unknown","-3.0201","48.99","50","3.02","0.2465",""
"2026-01-08","2603","2603","unknown","-1.023","49.9","50","1.02","0.3809",""
"2026-01-08","2609","2609","unknown","-2.2569","49.29","50","2.26","0.2388",""
"2026-01-08","2615","2615","unknown","-1.6149","49.45","50","1.61","0.1158",""
"2026-01-09","2317","2317","unknown","0.4357","49.74","50","0.44","-0.1123",""
"2026-01-09","2330","2330","unknown","-0.2967","50.84","50","0.3","1.1999",""
"2026-01-09","2454","2454","unknown","-1.7301","48.78","50","1.73","-0.659",""
"2026-01-09","2603","2603","unknown","0","50.05","50","0","0.0651",""
"2026-01-09","2609","2609","unknown","-0.1776","50.01","50","0.18","0.0956",""
"2026-01-09","2615","2615","unknown","0","49.93","50","0","-0.0873",""
"2026-01-12","2317","2317","unknown","-0.8677","49.25","50","0.87","-0.5013",""
"2026-01-12","2330","2330","unknown","0.5952","49.96","50","0.6","0.2464",""
"2026-01-12","2454","2454","unknown","1.7606","48.45","50","1.76","-1.0552",""
"2026-01-12","2603","2603","unknown","1.0336","50.05","50","1.03","0.5827",""
"2026-01-12","2609","2609","unknown","-0.1779","50.29","50","0.18","0.4528",""
"2026-01-12","2615","2615","unknown","0.5051","50.05","50","0.51","0.3152",""
"2026-01-13","2317","2317","unknown","-0.8753","49.01","50","0.88","-0.8043",""
"2026-01-13","2330","2330","unknown","1.1834","49.58","50","1.18","0.0639",""
"2026-01-13","2454","2454","unknown","2.7682","48.91","50","2.77","0.023",""
"2026-01-13","2603","2603","unknown","-0.2558","50.37","50","0.26","0.5842",""
"2026-01-13","2609","2609","unknown","-1.2478","49.49","50","1.25","-0.0153",""
"2026-01-13","2615","2615","unknown","-0.8794","49.8","50","0.88","0.1904",""
"2026-01-14","2317","2317","unknown","3.532","48.34","50","3.53","-0.3098",""
"2026-01-14","2330","2330","unknown","0","50.33","50","0","0.4158",""
"2026-01-14","2454","2454","unknown","1.0101","49.72","50","1.01","0.1577",""
"2026-01-14","2603","2603","unknown","-0.5128","49.67","50","0.51","-0.1516",""
"2026-01-14","2609","2609","unknown","0","49.38","50","0","-0.7721",""
"2026-01-14","2615","2615","unknown","-0.1267","49.61","50","0.13","-0.4232",""
"2026-01-15","2317","2317","unknown","-0.4264","50.12","50","0.43","0.3597",""
"2026-01-15","2330","2330","unknown","-1.1696","49.58","50","1.17","0.0625",""
"2026-01-15","2454","2454","unknown","-0.6667","50.24","50","0.67","0.6284",""
"2026-01-15","2603","2603","unknown","0.5155","49.92","50","0.52","0.1561",""
"2026-01-15","2609","2609","unknown","0.1805","49.7","50","0.18","-0.2846",""
"2026-01-15","2615","2615","unknown","-0.1269","49.85","50","0.13","-0.1256",""
"2026-01-16","2317","2317","unknown","0.4283","50.12","50","0.43","0.3582",""
"2026-01-16","2330","2330","unknown","2.9586","49.39","50","2.96","0.7135",""
"2026-01-16","2454","2454","unknown","1.0067","50.54","50","1.01","1.1758",""
"2026-01-16","2603","2603","unknown","-2.5641","48.69","50","2.56","-0.3567",""
"2026-01-16","2609","2609","unknown","-1.8018","48.79","50","1.8","-0.6094",""
"2026-01-16","2615","2615","unknown","-1.906","48.83","50","1.91","-0.5068",""
"2026-01-19","2317","2317","unknown","-2.1322","49.23","50","2.13","0.1053",""
"2026-01-19","2330","2330","unknown","1.1494","50.2","50","1.15","0.8244",""
"2026-01-19","2454","2454","unknown","-1.3289","49.91","50","1.33","0.5579",""
"2026-01-19","2603","2603","unknown","-1.3158","48.81","50","1.32","-0.8266",""
"2026-01-19","2609","2609","unknown","-0.9174","49.03","50","0.92","-0.7573",""
"2026-01-19","2615","2615","unknown","-1.5544","48.64","50","1.55","-0.9187",""
"2026-01-20","2317","2317","unknown","-2.6144","48.76","50","2.61","-0.2425",""
"2026-01-20","2330","2330","unknown","0.8523","50.27","50","0.85","0.7581",""
"2026-01-20","2454","2454","unknown","0","50","50","0","0.0042",""
"2026-01-20","2603","2603","unknown","1.8667","48.93","50","1.87","-0.4021",""
"2026-01-20","2609","2609","unknown","2.037","49.1","50","2.04","-0.1003",""
"2026-01-20","2615","2615","unknown","0.7895","49.22","50","0.79","-0.5849",""
"2026-01-21","2317","2317","unknown","-2.0134","48.11","50","2.01","-1.3516",""
"2026-01-21","2330","2330","unknown","-1.9718","49.5","50","1.97","0.3638",""
"2026-01-21","2454","2454","unknown","-1.3468","49.09","50","1.35","-0.4671",""
"2026-01-21","2603","2603","unknown","0","49.76","50","0","-0.2996",""
"2026-01-21","2609","2609","unknown","0.1815","49.88","50","0.18","-0.064",""
"2026-01-21","2615","2615","unknown","-0.7833","49.11","50","0.78","-0.7162",""
"2026-01-22","2317","2317","unknown","2.0548","48.49","50","2.05","-0.8554",""
"2026-01-22","2330","2330","unknown","1.1494","50.2","50","1.15","0.8276",""
"2026-01-22","2454","2454","unknown","1.3652","49.41","50","1.37","-0.0608",""
"2026-01-22","2603","2603","unknown","0.7853","49.49","50","0.79","-0.2456",""
"2026-01-22","2609","2609","unknown","0.5435","49.79","50","0.54","0.0086",""
"2026-01-22","2615","2615","unknown","0.7895","49.26","50","0.79","-0.5329",""
"2026-01-23","2317","2317","unknown","-0.8949","48.75","50","0.89","-1.12",""
"2026-01-23","2330","2330","unknown","0.5682","50.05","50","0.57","0.3495",""
"2026-01-23","2454","2454","unknown","9.7643","47.45","50","9.76","1.6908",""
"2026-01-23","2603","2603","unknown","-1.5584","49.34","50","1.56","-0.0444",""
"2026-01-23","2609","2609","unknown","-2.1622","49.08","50","2.16","-0.0635",""
"2026-01-23","2615","2615","unknown","-1.1749","49.22","50","1.17","-0.3867",""
"2026-01-26","2317","2317","unknown","1.1287","49.17","50","1.13","-0.4678",""
"2026-01-26","2330","2330","unknown","-0.8475","49.62","50","0.85","-0.0499",""
"2026-01-26","2454","2454","unknown","8.589","49.5","50","8.59","3.6743",""
"2026-01-26","2603","2603","unknown","-0.5277","49.88","50","0.53","0.1132",""
"2026-01-26","2609","2609","unknown","0","50.1","50","0","0.12",""
"2026-01-26","2615","2615","unknown","-1.0568","49.35","50","1.06","-0.2872",""
"2026-01-27","2317","2317","unknown","0.6696","49.88","50","0.67","0.189",""
"2026-01-27","2330","2330","unknown","1.4245","49.48","50","1.42","0.0646",""
"2026-01-27","2454","2454","unknown","0.2825","52.87","50","0.28","3.7308",""
"2026-01-27","2603","2603","unknown","-0.7958","49.35","50","0.8","-0.4193",""
"2026-01-27","2609","2609","unknown","-0.7366","49.36","50","0.74","-0.4348",""
"2026-01-27","2615","2615","unknown","-1.2016","48.97","50","1.2","-0.6854",""
"2026-01-28","2317","2317","unknown","0","50.47","50","0","0.5917",""
"2026-01-28","2330","2330","unknown","2.2472","49.83","50","2.25","0.9084",""
"2026-01-28","2454","2454","unknown","0.2817","53.13","50","0.28","4.0565",""
"2026-01-28","2603","2603","unknown","2.6738","49.02","50","2.67","0.1154",""
"2026-01-28","2609","2609","unknown","1.6698","49.22","50","1.67","-0.1371",""
"2026-01-28","2615","2615","unknown","1.2162","49.29","50","1.22","-0.2855",""
"2026-01-29","2317","2317","unknown","-0.6652","49.77","50","0.67","0.0477",""
"2026-01-29","2330","2330","unknown","-0.8242","50.08","50","0.82","0.5136",""
"2026-01-29","2454","2454","unknown","0","53.03","50","0","3.7835",""
"2026-01-29","2603","2603","unknown","-1.0417","49.38","50","1.04","-0.25",""
"2026-01-29","2609","2609","unknown","-0.1825","49.7","50","0.18","-0.2823",""
"2026-01-29","2615","2615","unknown","-0.8011","49.2","50","0.8","-0.6036",""
"2026-01-30","2317","2317","unknown","-1.5625","49.31","50","1.56","-0.0859",""
"2026-01-30","2330","2330","unknown","-1.662","49.39","50","1.66","0.0676",""
"2026-01-30","2454","2454","unknown","-1.1236","50.84","50","1.12","1.6059",""
"2026-01-30","2603","2603","unknown","-2.1053","48.87","50","2.11","-0.3593",""
"2026-01-30","2609","2609","unknown","-2.3766","48.79","50","2.38","-0.3252",""
"2026-01-30","2615","2615","unknown","-1.0767","49.1","50","1.08","-0.584",""
"2026-02-02","2317","2317","unknown","-2.7211","48.23","50","2.72","-0.8558",""
"2026-02-02","2330","2330","unknown","-0.5634","49.87","50","0.56","0.1244",""
"2026-02-02","2454","2454","unknown","-3.125","48.16","50","3.12","-0.7369",""
"2026-02-02","2603","2603","unknown","-1.0753","49.19","50","1.08","-0.4688",""
"2026-02-02","2609","2609","unknown","-2.0599","48.59","50","2.06","-0.7372",""
"2026-02-02","2615","2615","unknown","0","49.7","50","0","-0.3726",""
"2026-02-03","2317","2317","unknown","0.9324","48.98","50","0.93","-0.8033",""
"2026-02-03","2330","2330","unknown","1.983","49.4","50","1.98","0.2361",""
"2026-02-03","2454","2454","unknown","5.2786","48.1","50","5.28","0.2623",""
"2026-02-03","2603","2603","unknown","0.5435","49.62","50","0.54","-0.201",""
"2026-02-03","2609","2609","unknown","0.1912","49.48","50","0.19","-0.5516",""
"2026-02-03","2615","2615","unknown","0.1361","49.86","50","0.14","-0.1051",""
"2026-02-04","2317","2317","unknown","1.1547","49.08","50","1.15","-0.5723",""
"2026-02-04","2330","2330","unknown","-0.8333","49.36","50","0.83","-0.38",""
"2026-02-04","2454","2454","unknown","0.2786","50.1","50","0.28","0.2617",""
"2026-02-04","2603","2603","unknown","1.8919","48.96","50","1.89","-0.3574",""
"2026-02-04","2609","2609","unknown","0.7634","49.11","50","0.76","-0.7329",""
"2026-02-04","2615","2615","unknown","1.9022","49.26","50","1.9","0.0321",""
"2026-02-05","2317","2317","unknown","-1.5982","48.75","50","1.6","-0.7589",""
"2026-02-05","2330","2330","unknown","-1.1204","49.2","50","1.12","-0.4392",""
"2026-02-05","2454","2454","unknown","-1.6667","49.28","50","1.67","-0.0716",""
"2026-02-05","2603","2603","unknown","-0.7958","49.44","50","0.8","-0.3082",""
"2026-02-05","2609","2609","unknown","0","49.44","50","0","-0.6964",""
"2026-02-05","2615","2615","unknown","-0.2667","50","50","0.27","0.139",""
"2026-02-06","2317","2317","unknown","-0.232","49.51","50","0.23","-0.4928",""
"2026-02-06","2330","2330","unknown","0.8499","49.71","50","0.85","0.0631",""
"2026-02-06","2454","2454","unknown","-3.3898","48.22","50","3.39","-0.5249",""
"2026-02-06","2603","2603","unknown","0.2674","50.03","50","0.27","0.1663",""
"2026-02-06","2609","2609","unknown","-1.1364","49.19","50","1.14","-0.4483",""
"2026-02-06","2615","2615","unknown","-1.2032","49.61","50","1.2","0.1137",""
"2026-02-09","2317","2317","unknown","1.6279","49.65","50","1.63","0.377",""
"2026-02-09","2330","2330","unknown","1.9663","49.67","50","1.97","0.5691",""
"2026-02-09","2454","2454","unknown","7.0175","48.4","50","7.02","1.5036",""
"2026-02-09","2603","2603","unknown","-0.5333","50.01","50","0.53","0.2747",""
"2026-02-09","2609","2609","unknown","0","49.97","50","0","-0.0364",""
"2026-02-09","2615","2615","unknown","-0.1353","50.02","50","0.14","0.0866",""
"2026-02-10","2317","2317","unknown","1.1442","49.88","50","1.14","0.4193",""
"2026-02-10","2330","2330","unknown","3.5813","49.28","50","3.58","0.8887",""
"2026-02-10","2454","2454","unknown","0.8197","50.16","50","0.82","0.6119",""
"2026-02-10","2603","2603","unknown","-0.2681","49.98","50","0.27","0.1124",""
"2026-02-10","2609","2609","unknown","1.1494","49.66","50","1.15","0.1553",""
"2026-02-10","2615","2615","unknown","0.9485","49.82","50","0.95","0.2491",""
"2026-02-11","2317","2317","unknown","2.7149","49.5","50","2.71","0.7314",""
"2026-02-11","2330","2330","unknown","1.8617","50.4","50","1.86","1.4277",""
"2026-02-11","2454","2454","unknown","0.542","50.31","50","0.54","0.6645",""
"2026-02-11","2603","2603","unknown","0","49.79","50","0","-0.266",""
"2026-02-11","2609","2609","unknown","0.947","49.77","50","0.95","0.192",""
"2026-02-11","2615","2615","unknown","0.6711","49.73","50","0.67","0.0029",""
